Rank,Player,ELO,Games,Wins,Win Rate,Peak,Last
1,Bapgo+7254,1605.518200759116,12,10.0,83.3%,1606,+13
-,Nadav253+6419,1594.937666937862,8,7.0,87.5%,1604,+20
-,doejurko+3088,1553.6129110501538,0,0.0,0.0%,1554,0
2,kaiser+8343,1533.2029321018194,16,11.0,68.8%,1558,-28
3,tofuwater+4853,1526.8789879497347,22,14.0,63.6%,1580,-21
4,kayajam+9348,1522.634306599454,29,16.0,55.2%,1540,-20
5,matemato+5004,1496.9981698071558,49,26.0,53.1%,1513,+17
6,Cookies+3700,1487.5550257690932,20,14.0,70.0%,1509,-25
7,Killerstorm17+3440,1482.8777106451284,17,10.0,58.8%,1566,-22
8,Jack432+6277,1471.9131253042092,23,14.0,60.9%,1475,+20
9,Led_Slash+3579,1467.0413976195916,63,30.0,47.6%,1592,+9
10,BennyJ+6079,1465.264596534566,24,13.0,54.2%,1550,-18
11,ShuShuBana+2889,1432.9803074362148,25,12.0,48.0%,1652,-16
12,oshwott2844+9258,1425.454022742922,38,22.0,57.9%,1523,-27
13,Ctfox+5431,1424.1834162913935,13,5.0,38.5%,1473,-27
14,ChippZamoose+906,1402.8056090944174,10,5.0,50.0%,1421,+59
15,Pliskin+7357,1401.431323819797,22,10.0,45.5%,1459,+21
-,Pandapapst+8323,1399.1384744418021,7,4.0,57.1%,1399,+43
-,IMPERATOR+2570,1386.749204669923,0,0.0,0.0%,1387,0
-,Xar149+9374,1385.2558160013664,0,0.0,0.0%,1385,0
-,Manpanzee+265,1381.6165363088705,8,4.0,50.0%,1382,+58
-,VanKaiserman+5269,1381.1577115193043,8,3.0,37.5%,1387,+48
16,Emperia+9282,1378.0202135871227,69,30.0,43.5%,1442,-7
17,pooge+6189,1373.137935565522,15,6.0,40.0%,1419,-8
18,LucianTheFak+3697,1368.4993280509398,135,61.0,45.2%,1538,-9
19,Antiproject+7236,1359.9375307131738,25,9.0,36.0%,1407,-16
20,cringelordirl+3838,1357.6845068764073,46,17.5,38.0%,1418,-14
21,idk123+6079,1356.3809614854924,33,15.0,45.5%,1470,+21
22,Seiza+6137,1352.4870076822374,47,13.0,27.7%,1453,-13
-,tippop+7531,1351.0260723188376,0,0.0,0.0%,1351,0
-,mishaelh1+6045,1350.3904110528943,1,1.0,100.0%,1350,+55
-,BloodMuffin+4386,1350.234180090924,7,3.0,42.9%,1350,+58
-,Mouseman+7870,1345.1431589793688,1,0.0,0.0%,1381,-39
23,PestoEmporium+6690,1342.6428434718148,51,15.0,29.4%,1365,-4
24,uFancyHUH+8404,1342.4963104279698,40,14.0,35.0%,1392,-14
25,Mossfusion+6189,1341.6454396873796,25,9.0,36.0%,1398,-16
-,BareGammon+82,1341.589199620161,0,0.0,0.0%,1342,0
26,Kirien+375,1339.125693647263,44,18.0,40.9%,1407,-11
-,FrancescoBr+4009,1337.6147487733676,0,0.0,0.0%,1338,0
27,swiftsusan+8662,1334.896378591303,27,8.0,29.6%,1445,-14
-,GlandorHooverstein+602,1333.8675033783825,9,4.0,44.4%,1347,-16
28,FavorOfTheRabbits+9523,1332.3025077164245,20,7.0,35.0%,1385,-16
29,Tricholome+4276,1329.698745688784,30,9.0,30.0%,1350,-11
30,Dekiru+4451,1326.0459828701485,29,11.0,37.9%,1414,-12
-,TimidTailwind+2597,1324.8288710595527,0,0.0,0.0%,1325,0
31,Luclid+298,1322.9045169525805,26,9.0,34.6%,1362,-10
32,kurtfisto+6674,1321.7224651996426,31,10.0,32.3%,1351,-9
-,ninjacat536+1220,1320.5685286266423,0,0.0,0.0%,1321,0
-,trollone1993+1106,1319.3876613699424,1,1.0,100.0%,1319,+53
33,KeyserSoze+1044,1316.9546637110325,101,36.0,35.6%,1404,-5
-,time2orush+2871,1316.8928770150842,0,0.0,0.0%,1317,0
-,PokerFace126+7192,1313.799309197159,0,0.0,0.0%,1314,0
-,Gregoola+1424,1313.2016872968707,4,3.0,75.0%,1313,+50
-,Potatosgonnacrushya+428,1312.455217264362,6,3.0,50.0%,1312,+52
-,complexartichoke+1699,1312.2894097128135,0,0.0,0.0%,1312,0
34,DemaRogue+7727,1310.113217973703,77,30.0,39.0%,1423,-7
-,Aeliott+7118,1309.9831035569487,7,3.0,42.9%,1328,-21
-,tjudge+8299,1307.7295391100374,4,2.0,50.0%,1333,-29
-,vinnie+746,1305.8818090156356,0,0.0,0.0%,1306,0
35,Scipio+8842,1305.3529853513292,33,10.0,30.3%,1335,-10
36,0thers1der+5053,1305.3115230136268,17,6.0,35.3%,1322,-8
37,Dumbledore+1135,1304.3200932236166,170,45.0,26.5%,1326,-12
-,Aleph+9548,1303.954583176603,0,0.0,0.0%,1304,0
-,Blurr+1887,1303.223402860547,0,0.0,0.0%,1303,0
-,Silver+6850,1301.6178184372952,0,0.0,0.0%,1302,0
38,DarthPuniceus+9605,1295.4852747603943,26,6.0,23.1%,1421,-14
39,Nefkano+8780,1294.8172608355267,12,3.0,25.0%,1374,-6
-,gord20+7161,1293.7811487246552,1,0.0,0.0%,1311,-20
40,WillRevolt+5749,1293.6902412411223,21,7.0,33.3%,1313,-11
41,NadtyLite+7330,1291.42579786893,130,33.0,25.4%,1379,-3
42,MarquiseDeGyatt+202,1290.2967072709946,43,12.0,27.9%,1290,+33
43,BMPerJMPer+9145,1287.2462474505546,11,4.0,36.4%,1357,-10
-,dindane+250,1286.220623620055,0,0.0,0.0%,1286,0
44,HobGungan+2914,1283.9412836816766,18,6.5,36.1%,1313,-13
45,Valzaan+3564,1282.1291560727182,23,7.0,30.4%,1356,-7
-,AxlPrototype+5016,1280.805898556369,0,0.0,0.0%,1281,0
46,Peppy+6321,1280.5967251536197,11,3.0,27.3%,1309,-14
-,Kmahussier+2186,1277.791001840198,6,1.0,16.7%,1304,-20
-,saintstonet+7390,1276.7045610240273,0,0.0,0.0%,1277,0
-,Mcauthor+181,1275.8098922895758,4,2.0,50.0%,1299,-26
47,Schkitz+8222,1275.6622830535257,79,16.0,20.3%,1336,-5
-,mrkent+9273,1274.5333808828066,1,1.0,100.0%,1275,+72
-,ZachB+8726,1273.9678081088593,8,3.0,37.5%,1299,-27
-,bootle+7207,1271.463309061466,0,0.0,0.0%,1271,0
-,Nudraxon+7640,1270.0241598298417,0,0.0,0.0%,1270,0
48,Rabbitwarlord+1983,1268.063409079786,26,7.0,26.9%,1423,-8
-,lazarus210,1267.8457525714468,0,0.0,0.0%,1268,0
-,Cabbage0642+3776,1267.1537509696554,0,0.0,0.0%,1267,0
-,Plush2+8334,1267.002359848703,1,1.0,100.0%,1267,+71
49,1coolguy+6294,1266.1418979623336,17,4.0,23.5%,1341,+34
-,Shrek+876,1265.7669625682595,1,1.0,100.0%,1266,+63
-,ShowStopperW+549,1264.0021535881065,0,0.0,0.0%,1264,0
50,cliuless+2304,1263.293726719736,19,4.0,21.1%,1321,-6
51,Tolfan,1261.2425503414186,116,35.0,30.2%,1346,-6
-,Mindger+7576,1259.4003809846863,0,0.0,0.0%,1259,0
-,ionou21+8459,1258.097057256085,2,1.0,50.0%,1266,-10
52,CosmicCant+3836,1257.6310547033727,20,5.0,25.0%,1279,-7
53,Tad604+8004,1256.8642321907946,41,11.0,26.8%,1457,-8
-,MrDrouf+3826,1256.3105702195985,0,0.0,0.0%,1256,0
-,Gabobs+7758,1256.0923545220332,7,3.0,42.9%,1273,-20
-,CommonGibbon+5852,1254.9788721715822,3,1.5,50.0%,1279,-27
54,chibimori+1707,1254.6976658364185,15,4.0,26.7%,1316,-9
-,aelisheneithlon+4087,1254.1054474268055,0,0.0,0.0%,1254,0
55,Jasiuńcio+3892,1252.794820149623,15,4.0,26.7%,1284,+28
-,pizzamagican+4983,1252.705135318843,2,1.0,50.0%,1253,+69
-,Nymmer+3243,1252.5707883242815,2,1.0,50.0%,1253,+67
56,Dramsss+1,1251.9046328033317,57,16.0,28.1%,1412,-5
-,Vagabond Glazer+6268,1250.4589299716906,1,0.0,0.0%,1260,-12
57,AcolyteOfRoot+4294,1250.351567466238,12,3.0,25.0%,1298,-12
-,ominouscat+4065,1249.6696099503085,1,1.0,100.0%,1250,+47
-,ImJustExisting+9170,1247.1551829943785,0,0.0,0.0%,1247,0
-,KarmaBurn+1193,1244.9351798734008,0,0.0,0.0%,1245,0
58,SlickAngel+9821,1244.8842497909689,23,7.0,30.4%,1263,+31
59,Wubba+9310,1242.7962798617118,50,13.0,26.0%,1319,-8
-,Mohammad+8142,1240.88535994393,0,0.0,0.0%,1241,0
-,Napalminthebirdsong+5528,1240.3517586193527,0,0.0,0.0%,1240,0
-,Furry0329+6442,1238.1238292630935,1,0.0,0.0%,1243,-8
-,pwarren8590+4047,1237.9730779641504,0,0.0,0.0%,1238,0
60,Waferseeker95+4351,1237.8940761123972,30,9.0,30.0%,1365,-9
-,Cotton+4951,1237.67424224398,3,1.0,33.3%,1250,-15
-,Bengal3+6710,1237.0342396463982,2,0.0,0.0%,1268,-11
-,KuperMeister+8518,1236.3659432909617,4,1.0,25.0%,1289,-17
61,MylesMoose+6850,1236.1429658036363,15,5.0,33.3%,1236,+31
62,DanzigMF+6351,1234.507363741086,28,7.0,25.0%,1279,-9
-,Octavius+8289,1233.7116502008937,0,0.0,0.0%,1234,0
63,lumpyprol+3206,1233.658691848758,47,11.0,23.4%,1295,-9
-,ToasterTrash+8502,1232.6412468327158,0,0.0,0.0%,1233,0
-,weirdone+8473,1231.861912792935,5,2.0,40.0%,1232,+61
-,hakoo,1230.8785929583548,0,0.0,0.0%,1231,0
64,CowOnAPlane+3405,1230.8269981538358,60,14.0,23.3%,1280,-4
-,udon66+6395,1230.1609753268688,0,0.0,0.0%,1230,0
-,HungryJeff+6786,1228.2104989174584,1,1.0,100.0%,1228,+64
65,fadingnovel+7335,1227.6009317606693,21,4.0,19.0%,1322,-7
66,MagZeppelin+4248,1227.329223538885,53,12.0,22.6%,1319,-4
-,Ptitmxz+6986,1227.3193928754297,4,1.0,25.0%,1247,-22
-,Jalapeno+9238,1225.55323878356,9,3.0,33.3%,1342,-23
-,TAKSpx+9156,1224.4634976669006,0,0.0,0.0%,1224,0
-,uwtron+573,1224.4395958913983,0,0.0,0.0%,1224,0
-,Perdita+9449,1224.4083375879488,0,0.0,0.0%,1224,0
-,BuliBaka+6658,1223.948750759503,0,0.0,0.0%,1224,0
-,RustySpruce+2483,1223.4359221157165,3,1.0,33.3%,1266,-17
-,GlisteningGeetus+4225,1223.181057958569,0,0.0,0.0%,1223,0
-,Acecreamsundae+1472,1222.4869120402498,0,0.0,0.0%,1222,0
-,Musicalwoofy+7712,1222.239769562388,6,2.0,33.3%,1229,-10
-,Sjepeal+9206,1220.8350678309498,0,0.0,0.0%,1221,0
-,TheDolphinman+2630,1220.4008272976366,0,0.0,0.0%,1220,0
67,Niruu+622,1218.1555957175822,63,17.0,27.0%,1343,-5
-,Bodnamax+6783,1215.0363598714478,0,0.0,0.0%,1215,0
68,MunkeyBrewster+2527,1211.6814279475113,10,2.0,20.0%,1228,+62
-,Daz257+7505,1210.1103061668252,5,1.0,20.0%,1210,+62
-,BetterPools+6450,1209.8269070168776,4,1.0,25.0%,1267,-12
-,BjarkeHuse+2923,1209.1911090274566,0,0.0,0.0%,1209,0
-,StatzoryTheMad+7951,1209.1048417637196,4,1.0,25.0%,1225,-19
-,PacificCold+7409,1205.9996366326225,4,1.0,25.0%,1230,-27
69,Intraceptor+5437,1204.626489516683,16,3.0,18.8%,1332,-10
70,LutherStr+1358,1204.3610700861316,12,1.0,8.3%,1351,-6
-,StoneOfShame+5048,1203.7418489026809,5,1.0,20.0%,1204,+69
71,AERotters+5277,1202.6783290613248,105,25.0,23.8%,1310,-3
-,ToughHazelnut+1523,1202.4787722716912,6,1.0,16.7%,1216,-7
-,Temperz87+4696,1202.0319343391548,9,2.0,22.2%,1219,-20
-,Lambo+7524,1201.2597205389086,2,1.0,50.0%,1213,-15
-,Hydro033+5014,1200.9012522028816,2,0.0,0.0%,1237,-19
72,ColPop+9146,1200.2359922516678,18,4.0,22.2%,1341,-7
73,pheobii+5175,1200.1635629000787,11,2.0,18.2%,1203,-6
-,FamilyTuber+3701,1197.9425313517947,6,1.0,16.7%,1205,-10
-,fbd117+324,1197.4415727528717,12,3.0,25.0%,1309,-3
-,Oriol+2638,1195.7383107349513,1,0.0,0.0%,1220,-27
-,FausDav+5901,1195.2149895832702,0,0.0,0.0%,1195,0
-,LHlegend+5313,1194.796009900634,3,1.0,33.3%,1223,-18
-,Axolatal,1193.724818544403,0,0.0,0.0%,1194,0
-,Olymp+9823,1193.606794393574,0,0.0,0.0%,1194,0
-,Karcher+6280,1193.011802064696,4,1.0,25.0%,1243,-20
-,kamomileTea+4472,1192.8749910251847,1,0.0,0.0%,1200,-10
-,Tagatu+7056,1192.6868181250807,6,1.0,16.7%,1200,-10
-,deriokle+4319,1192.3158249604826,0,0.0,0.0%,1192,0
-,SMenefee+4066,1192.1686924553048,0,0.0,0.0%,1192,0
-,RiverKawaii+4578,1192.1102348888264,1,0.0,0.0%,1200,-11
-,Cutoopen+2335,1191.3493033775837,1,0.0,0.0%,1200,-12
-,Anton+562,1191.2997970514632,1,0.0,0.0%,1200,-12
-,Mati92+4633,1191.1886433549628,0,0.0,0.0%,1191,0
-,ExecutedByGromp+3925,1190.852684369133,1,0.0,0.0%,1200,-12
-,ChusGG+6807,1190.6758505343882,0,0.0,0.0%,1191,0
-,MisterGume+9687,1190.61676504637,0,0.0,0.0%,1191,0
-,Xerof+7582,1190.4617902453788,1,0.0,0.0%,1200,-12
-,Traestaree+7134,1190.3971525495585,1,0.0,0.0%,1200,-12
-,Pi314+6815,1190.2472630924187,0,0.0,0.0%,1190,0
-,tobin+8390,1190.1191821434259,1,0.0,0.0%,1200,-13
-,Yojimbo+9872,1190.043811744078,1,0.0,0.0%,1200,-13
-,Hadjiya+4475,1190.005370205596,7,2.0,28.6%,1253,-12
-,halzyen+4113,1189.7797178904934,1,0.0,0.0%,1200,-13
-,sda1611+3493,1189.6348762092814,0,0.0,0.0%,1190,0
-,Mariv+2352,1189.3768573547738,1,0.0,0.0%,1200,-14
-,sedlak87+8418,1189.330244981445,0,0.0,0.0%,1189,0
-,Youdge+8117,1189.085442970951,13,2.0,15.4%,1303,-5
-,LittleHalo+9882,1188.8788130997948,1,0.0,0.0%,1200,-14
-,Starcore6+817,1188.8431991057105,1,0.0,0.0%,1200,-14
-,vanillapoppy+9303,1188.7271085124432,0,0.0,0.0%,1189,0
-,CocoMocoMan+3134,1188.6792866243518,1,0.0,0.0%,1200,-14
-,Lynxtek+4186,1188.6616105976923,0,0.0,0.0%,1189,0
-,DarkOwl+5198,1188.6487194031993,1,0.0,0.0%,1200,-14
-,clp10033+4124,1188.5243653574587,0,0.0,0.0%,1189,0
-,Shadyferret+9636,1188.458098066816,0,0.0,0.0%,1188,0
-,Shuuhey+6535,1188.1336750619255,0,0.0,0.0%,1188,0
-,ArionGekkota+7361,1187.974868455565,1,0.0,0.0%,1200,-15
-,Libitina114+7177,1187.6976724452209,0,0.0,0.0%,1188,0
-,CWise+6651,1187.5752724364809,1,0.0,0.0%,1200,-15
-,LittleHalo+9982,1187.1825773042412,1,0.0,0.0%,1200,-16
-,SimulatedBeehive+1517,1186.921375462348,1,0.0,0.0%,1200,-16
-,BaconBoy+9689,1186.7492865340312,6,1.0,16.7%,1193,-9
-,Raineweather05+2319,1186.7192917583398,0,0.0,0.0%,1187,0
-,mwcrabtree,1186.586472325511,0,0.0,0.0%,1187,0
-,FelipeRocha+9451,1186.5119563830967,0,0.0,0.0%,1187,0
-,mysti+7857,1186.3934769216407,0,0.0,0.0%,1186,0
-,Akriuss+573,1186.3418837904585,1,0.0,0.0%,1200,-17
-,GameProfit+8226,1186.3105861815825,0,0.0,0.0%,1186,0
-,ChrD99+1022,1186.2695390147092,1,0.0,0.0%,1200,-17
-,DegenerateIan+7146,1186.165836127264,0,0.0,0.0%,1186,0
-,Rhyno+5128,1186.1176758549389,1,0.0,0.0%,1200,-17
-,tubaking+4200,1186.030347720664,0,0.0,0.0%,1186,0
-,Clink+5884,1185.9449062516248,0,0.0,0.0%,1186,0
-,Demand+3288,1185.9449062516248,0,0.0,0.0%,1186,0
-,ThoseTeeff+4061,1185.7062092987949,0,0.0,0.0%,1186,0
-,chosennuttso,1185.582051444783,0,0.0,0.0%,1186,0
-,Nuttsy+5282,1185.582051444783,0,0.0,0.0%,1186,0
-,Julien+5506,1185.582051444783,0,0.0,0.0%,1186,0
-,HoosierDaddy+4463,1185.53841606931,0,0.0,0.0%,1186,0
-,Sebby+9924,1185.4758983786044,0,0.0,0.0%,1185,0
-,lgtw3450+6602,1185.4504864052624,0,0.0,0.0%,1185,0
-,Snivylover12+1064,1185.4433116611829,29,5.0,17.2%,1315,+33
-,Akayami+8372,1185.422370746416,0,0.0,0.0%,1185,0
-,StrikeOrca+4455,1185.3992590186851,1,0.0,0.0%,1200,-17
-,shurgs+6277,1185.3733922176548,0,0.0,0.0%,1185,0
-,balonthebold+1851,1185.257446085655,1,0.0,0.0%,1200,-18
-,BLULOBSTR+1510,1185.1568473279797,1,0.0,0.0%,1200,-18
-,TurtleJawz+3309,1184.8753465459622,1,0.0,0.0%,1200,-18
-,Vitsky+1201,1184.6819787674099,1,0.0,0.0%,1200,-18
-,Hasan+1782,1184.5829188196128,1,0.0,0.0%,1200,-18
-,FungusMouse+7883,1184.5815875859762,0,0.0,0.0%,1185,0
-,AJIJIi,1184.509143849639,0,0.0,0.0%,1185,0
-,pikeline+9847,1184.4478646298817,0,0.0,0.0%,1184,0
-,Wolvane+1704,1184.403787727612,0,0.0,0.0%,1184,0
-,CroCroCro+9495,1184.390312849811,0,0.0,0.0%,1184,0
-,Hammad+766,1184.277520867259,1,0.0,0.0%,1200,-19
-,stxr444+8143,1184.2504711912716,1,0.0,0.0%,1200,-19
-,WyvernElement+1816,1184.0825538790655,4,1.0,25.0%,1218,-11
-,catscat+1327,1184.0703753846062,0,0.0,0.0%,1184,0
-,Quisyo+8653,1183.9229783539038,2,0.0,0.0%,1200,-10
-,GAFE15+7357,1183.715487960868,0,0.0,0.0%,1184,0
-,KFull+1226,1183.4860416871754,9,1.0,11.1%,1306,-20
-,sasquatch+9509,1183.422342992082,1,0.0,0.0%,1200,-19
-,ForkMaster+8694,1183.4177884990634,0,0.0,0.0%,1183,0
-,Lucat+9382,1183.413836868982,0,0.0,0.0%,1183,0
-,Welllll+4899,1183.3573437079272,1,0.0,0.0%,1200,-20
-,Azdontek+1234,1183.3573437079272,1,0.0,0.0%,1200,-20
-,Plasma+7413,1183.2177180857657,0,0.0,0.0%,1183,0
-,kesitron+187,1183.2065557144006,2,0.0,0.0%,1200,-11
-,StellarHermit+3326,1183.1159196769083,1,0.0,0.0%,1200,-20
-,yoyot1+5057,1183.0063443253907,2,0.0,0.0%,1200,-8
-,Rachel997,1182.9798495435962,0,0.0,0.0%,1183,0
-,MelodiCat+8385,1182.3675338894518,1,0.0,0.0%,1200,-21
-,WWren+25,1182.3448663935662,0,0.0,0.0%,1182,0
-,bigcathedral+1133,1182.2664759233746,1,0.0,0.0%,1191,-12
-,Fluffy+189,1181.9708630839907,1,0.0,0.0%,1200,-21
-,pigdog+4355,1181.8751094654756,7,1.0,14.3%,1223,-10
-,Gibbs+3656,1181.230200140749,0,0.0,0.0%,1181,0
-,Actionman2222+4303,1181.230200140749,0,0.0,0.0%,1181,0
-,ConeMan+3213,1180.464975952094,1,0.0,0.0%,1191,-13
-,evancomposer+2898,1179.8914894790505,1,0.0,0.0%,1187,-10
-,CaptainBork+7195,1179.8121305000498,1,0.0,0.0%,1200,-23
-,BuckeyeNation+0,1179.80681400888,0,0.0,0.0%,1180,0
-,QuixArtagnan+7824,1179.7292181293017,1,0.0,0.0%,1185,-9
-,scaled+326,1179.6204681523695,1,0.0,0.0%,1200,-23
-,Roldan+1152,1179.4977518739524,1,0.0,0.0%,1200,-23
-,themikeman+4306,1179.341917893183,0,0.0,0.0%,1179,0
-,EmbryoticDeth,1179.0032820911397,0,0.0,0.0%,1179,0
-,MrRiceGuy+5849,1178.6960706583118,0,0.0,0.0%,1179,0
-,GuyNXS+7023,1178.4158703660569,1,0.0,0.0%,1200,-24
-,aaronmaik88+3890,1178.1884741694557,1,0.0,0.0%,1200,-25
-,2eaasley+6663,1178.1884741694557,1,0.0,0.0%,1200,-25
-,Cuagodking+3670,1177.903451073042,0,0.0,0.0%,1178,0
-,KyloBot+6508,1177.258686661205,8,2.0,25.0%,1305,-24
-,wherestonks+4878,1176.5811249620442,2,0.0,0.0%,1200,-18
-,secretpaths+8130,1175.8069874751816,0,0.0,0.0%,1176,0
-,Nierxlelx+7709,1175.6236333768163,1,0.0,0.0%,1200,-27
-,DanielJeun+8467,1175.5497817201792,0,0.0,0.0%,1176,0
-,radiantchaos+5523,1175.4051404012791,23,3.0,13.0%,1269,-4
-,IndifferentFish+2547,1174.964608892054,12,1.5,12.5%,1199,-6
-,Rootenthusiast+6637,1174.5445139280907,1,0.0,0.0%,1200,-28
-,Supersingalong+6545,1174.2302586615708,2,0.0,0.0%,1200,-16
-,Lufire+7855,1174.0350061310717,2,0.0,0.0%,1200,-14
-,RFMerlo+6470,1173.6831624689378,0,0.0,0.0%,1174,0
-,goodgamepat+6980,1173.455040103768,0,0.0,0.0%,1173,0
-,TenchRinggold+1755,1172.9424953506577,2,0.0,0.0%,1200,-12
-,benruff+449,1172.911112055952,0,0.0,0.0%,1173,0
-,GamerTower+410,1172.887264938399,1,0.0,0.0%,1190,-20
-,Komasan+7739,1172.6617224949723,0,0.0,0.0%,1173,0
-,EdacM+9189,1172.594502618847,0,0.0,0.0%,1173,0
-,Alexispc+6921,1172.1174911747116,4,1.0,25.0%,1208,-24
-,Lante+1268,1171.794577208202,0,0.0,0.0%,1172,0
-,Hazelnut19+2913,1171.7196771083356,2,0.0,0.0%,1200,-9
-,RedPanda+336,1171.64911970669,1,0.0,0.0%,1200,-31
-,Bitto+476,1171.5088838986414,13,1.0,7.7%,1319,-7
-,DanielDandaniel+7434,1171.2822195184365,1,0.0,0.0%,1185,-17
-,PajaroTronador+9221,1171.0200799916686,2,0.0,0.0%,1200,-21
-,byzeke+7830,1169.8519918205775,0,0.0,0.0%,1170,0
-,nyosh8484+1627,1169.6595956570186,2,0.0,0.0%,1200,-8
-,PsychologicalBox+5812,1169.3677833352313,0,0.0,0.0%,1169,0
-,Nickpappa+2149,1168.1929172339921,2,0.0,0.0%,1200,-15
-,FireFox+7079,1167.895196742102,1,0.0,0.0%,1187,-22
-,Excitedteapot+2857,1167.844731790875,0,0.0,0.0%,1168,0
-,Potet+3500,1167.1999472963355,0,0.0,0.0%,1167,0
-,brrrlinguist+929,1166.8396414936356,0,0.0,0.0%,1167,0
-,Lifeye+4414,1165.9518972335286,2,0.0,0.0%,1200,-19
-,Yragael+5413,1165.9086167395274,0,0.0,0.0%,1166,0
-,FalconBird+7701,1165.668093783818,0,0.0,0.0%,1166,0
-,ImEpy+9148,1165.6472880956326,0,0.0,0.0%,1166,0
-,residentevil+6828,1165.622312634962,0,0.0,0.0%,1166,0
-,Drinken+3181,1165.3449843572616,0,0.0,0.0%,1165,0
-,MOMOGA+5135,1165.2673597028772,0,0.0,0.0%,1165,0
-,OUSlaughter+3653,1164.6159204012592,0,0.0,0.0%,1165,0
-,SSR_Mike+6444,1164.1841119183505,0,0.0,0.0%,1164,0
-,StarhardFishrinse+1675,1163.690032450343,0,0.0,0.0%,1164,0
-,creapy01+439,1163.6112057206055,2,0.0,0.0%,1200,-23
-,MinePokemine+7899,1163.3607460785463,8,1.0,12.5%,1245,-4
-,Marcus+9032,1163.332077129871,0,0.0,0.0%,1163,0
-,DevilUnfiltered+380,1162.9847097127779,2,0.0,0.0%,1200,-20
-,Cheetah32+6800,1162.7119727385937,0,0.0,0.0%,1163,0
-,CptAlex+2928,1162.6952069069755,0,0.0,0.0%,1163,0
-,Blepblep+6970,1162.1525778038115,2,0.0,0.0%,1200,-25
-,Extortionator+4951,1161.5296517692577,16,2.0,12.5%,1307,-7
-,RexCow+93848049,1161.4271993806562,0,0.0,0.0%,1161,0
-,Bjoda+2731,1161.0635030398544,1,0.0,0.0%,1168,-10
-,TheRedViper+1596,1160.4544521650723,0,0.0,0.0%,1160,0
-,Lobster+5525,1160.3654696512142,1,0.0,0.0%,1174,-16
-,BadScra+3199,1160.0990125490434,49,9.0,18.4%,1226,-6
-,RaveAnt+1236,1159.7436632696579,3,0.0,0.0%,1200,-8
-,metalnooze+4817,1159.458256311908,0,0.0,0.0%,1159,0
-,kingslime+8836,1159.252164454236,3,0.0,0.0%,1200,-16
-,MangoBlade11+7548,1159.0038023179177,0,0.0,0.0%,1159,0
-,Dandel+3128,1158.5194562654078,59,11.0,18.6%,1163,-4
-,BigHat+3791,1158.424746569222,3,0.0,0.0%,1200,-6
-,Hiyoshi+2879,1158.108245451475,0,0.0,0.0%,1158,0
-,Biggins96+3792,1158.101455222543,0,0.0,0.0%,1158,0
-,Fenetix+9243,1157.5749784850009,4,0.0,0.0%,1200,-10
-,Evenorodds+2809,1156.9472327155686,3,0.0,0.0%,1200,-18
-,Odinius+897,1156.6917411210773,18,3.0,16.7%,1238,-5
-,Baradhas+8593,1156.425152787083,0,0.0,0.0%,1156,0
-,chux88+4717,1156.371024707945,0,0.0,0.0%,1156,0
-,pashatherussian+5688,1155.84301945008,0,0.0,0.0%,1156,0
-,micherin+7972,1155.461643322476,0,0.0,0.0%,1155,0
-,Zeldamon+7946,1155.2659194870057,0,0.0,0.0%,1155,0
-,eef99+8799,1155.101290274542,4,0.0,0.0%,1200,-11
-,FakeSki+4232,1154.9960655372745,13,2.0,15.4%,1173,-4
-,XxD4RK_W0LFxX+9534,1154.4220607055336,3,0.0,0.0%,1190,-5
-,Thanhdat+1146,1154.1413714653615,3,0.0,0.0%,1200,-24
-,deejaythink+9834,1153.4219418160328,31,6.0,19.4%,1315,-6
-,Cloudere+8085,1152.3681336768789,0,0.0,0.0%,1152,0
-,Skumfi+5761,1151.2269443938455,4,0.0,0.0%,1200,-14
-,BugMuff44+9091,1150.8609551016727,0,0.0,0.0%,1151,0
-,Sirius+9323,1150.608368579832,6,0.5,8.3%,1211,-10
-,Rabbi+7,1150.5538225548723,2,0.0,0.0%,1178,-19
-,NaySmith+3702,1150.1723764217445,4,1.0,25.0%,1197,-19
-,mouseinabox+992,1150.08602802477,127,20.0,15.7%,1160,-3
-,sontei5+3678,1149.3319731207584,4,0.0,0.0%,1200,-11
-,FVMLion+1706,1148.045561192673,0,0.0,0.0%,1148,0
-,Riverman+1204,1147.7609751338368,0,0.0,0.0%,1148,0
-,buurn+343,1147.4978600468771,65,9.0,13.8%,1188,-2
-,Harriet+1445,1147.2901670601366,5,1.0,20.0%,1210,-13
-,Jerry,1146.8392349688422,0,0.0,0.0%,1147,0
-,MoxJet+3716,1146.745937132397,2,0.0,0.0%,1172,-7
-,sourdoh+5225,1146.501507914435,11,1.0,9.1%,1200,-4
-,ZimaBlue+5729,1146.1624760327104,3,0.0,0.0%,1200,-19
-,Ultcyber+1551,1145.6419126192295,22,2.0,9.1%,1248,-7
-,Yucca+8041,1144.9777983650529,4,0.0,0.0%,1200,-9
-,McMayo+5829,1144.848683580327,0,0.0,0.0%,1145,0
-,TonyDeloreanESQ+4756,1144.7103395507877,46,7.0,15.2%,1200,-5
-,Soluna+2127,1144.1305111872584,0,0.0,0.0%,1144,0
-,PlagueCarrier+5718,1143.8336123914416,30,5.0,16.7%,1184,-4
-,Lokfok+5204,1142.8944857192455,0,0.0,0.0%,1143,0
-,CoxyNormus+5176,1141.3328337249427,0,0.0,0.0%,1141,0
-,Ironic+3891,1141.1345617088064,0,0.0,0.0%,1141,0
-,NattyKash+316,1140.4187260085498,0,0.0,0.0%,1140,0
-,polyphemur+3699,1140.3417975723116,29,5.0,17.2%,1200,-8
-,Blank+7029,1139.0152029857763,1,0.0,0.0%,1144,-8
-,Awesem+1966,1137.6822830804165,5,0.0,0.0%,1208,-19
-,TheIndustrialRevoloution+3880,1137.464515032004,0,0.0,0.0%,1137,0
-,Fearteiler+8050,1136.2738186056547,12,1.0,8.3%,1169,-5
-,ellbelle+9011,1135.702368847898,4,1.0,25.0%,1172,-7
-,Podge0303+8578,1135.3663025354456,1,0.0,0.0%,1153,-20
-,DGDKami+9860,1135.1869143554059,4,0.0,0.0%,1200,-9
-,DarkPortents+1248,1134.6640183453649,4,0.0,0.0%,1200,-16
-,marksoz00+1780,1133.6678164212265,6,1.0,16.7%,1170,-15
-,FatBoyyy+6258,1133.318048013253,1,0.0,0.0%,1147,-16
-,ReoWulf+5368,1131.7652275583978,0,0.0,0.0%,1132,0
-,Gagneto+8499,1130.858792297761,0,0.0,0.0%,1131,0
-,PeskyPaul+5583,1129.7175496162781,7,0.5,7.1%,1200,+26
-,Sharkskln+6071,1129.5478236216782,1,0.0,0.0%,1138,-11
-,optimusprawn+9866,1129.4228797869123,3,0.0,0.0%,1154,-9
-,Viggs+9470,1128.3396713192028,5,0.0,0.0%,1200,-6
-,legrandgrand+9040,1127.854895791106,5,0.0,0.0%,1200,-14
-,AxelMcKenzie+19,1127.0877015043689,4,0.0,0.0%,1200,-19
-,TheSillyBilly+6135,1126.3142175203643,2,0.0,0.0%,1154,-16
-,benssoon+802,1126.0423025984533,3,0.0,0.0%,1154,-6
-,sleepylabone+1003,1125.9393777920322,2,0.0,0.0%,1144,-9
-,Krooter+8646,1125.2027864379304,0,0.0,0.0%,1125,0
-,TempExtremal+1625,1124.8494801808874,0,0.0,0.0%,1125,0
-,mkcy3+8006,1124.374451241846,0,0.0,0.0%,1124,0
-,rhino+3915,1124.1403543848485,6,0.0,0.0%,1200,-24
-,rathyAro+1512,1123.9693259655605,10,1.0,10.0%,1208,-14
-,anoretu+9881,1123.8497921136643,5,0.0,0.0%,1200,-8
-,CodPieceZ+7710,1123.1548055957908,0,0.0,0.0%,1123,0
-,Tseka+4826,1122.8702294210173,5,0.0,0.0%,1200,-14
-,EarlofEarl+908,1122.4924527212083,5,0.0,0.0%,1200,-17
-,HeatBeats+9767,1121.5492718011249,6,0.0,0.0%,1200,-13
-,budynzsmalcem+3790,1121.2440980279441,18,2.0,11.1%,1200,-5
-,strypeez+6330,1121.1363504654807,15,1.0,6.7%,1206,-4
-,Darkwonderer+1035,1120.123724962105,7,1.0,14.3%,1149,-9
-,Oppapi+9478,1119.3843096638248,0,0.0,0.0%,1119,0
-,BoMa85+9812,1119.0820467025549,3,0.0,0.0%,1141,-9
-,hauntedpebbles2+8720,1117.7158529868866,0,0.0,0.0%,1118,0
-,nikkan+7933,1117.313501057106,0,0.0,0.0%,1117,0
-,Xman1997+3777,1116.21974141983,2,0.0,0.0%,1139,-18
-,NonStInc.+6190,1116.1806883390525,0,0.0,0.0%,1116,0
-,sparrowhawk+9374,1115.8917138618065,0,0.0,0.0%,1116,0
-,TheFourthJesse+9103,1115.837973502264,40,5.0,12.5%,1257,-3
-,DarthOblivius+1339,1114.2427853072156,75,10.0,13.3%,1294,-3
-,TheWiseFox+8428,1112.267944410759,0,0.0,0.0%,1112,0
-,ermactually+9395,1111.9302854084096,22,2.5,11.4%,1262,-3
-,Trumpet+4282,1111.0922252708567,0,0.0,0.0%,1111,0
-,tunnndz+4720,1110.4210602330086,10,2.0,20.0%,1155,-12
-,HollyKat902+1703,1107.912411406975,8,1.0,12.5%,1241,-25
-,Acelet,1107.6706317409194,0,0.0,0.0%,1108,0
-,Jboooooooooooooooooooom+4776,1107.6449626452866,0,0.0,0.0%,1108,0
-,TurkeyNoNo+9522,1106.5833972636965,31,2.0,6.5%,1246,-5
-,Hossain2020+1837,1106.1748298850243,2,0.0,0.0%,1129,-10
-,Cheesecake271+5205,1104.9301516023024,0,0.0,0.0%,1105,0
-,Gaborever+8187,1103.2577627019143,3,0.0,0.0%,1127,-10
-,Whats02+5282,1102.5377158723647,1,0.0,0.0%,1111,-11
-,re_al_+5392,1101.835999254866,0,0.0,0.0%,1102,0
-,KargDemiau+7823,1098.921391067039,2,0.0,0.0%,1119,-15
-,amjohnson636+3986,1097.7095018830014,7,0.0,0.0%,1200,-13
-,NightTsuki+7092,1096.461238518651,7,0.0,0.0%,1200,-9
-,nutrimentia+2965,1096.4294048597367,9,0.0,0.0%,1200,-9
-,Hurple+6007,1094.6631659046857,3,0.0,0.0%,1127,-4
-,Diyana+933,1092.6868778558965,12,0.0,0.0%,1200,-3
-,Fabius+5370,1090.7457861151572,16,1.0,6.2%,1252,-6
-,HowDoYouDrew+716,1087.7504699659978,13,1.0,7.7%,1235,-3
-,Elijah+6615,1087.412198270381,2,0.0,0.0%,1104,-13
-,Klishu+3272,1087.0602922415364,0,0.0,0.0%,1087,0
-,Maladay+6079,1086.4863498231086,8,0.0,0.0%,1200,-16
-,silverfox+4551,1085.6455916426046,0,0.0,0.0%,1086,0
-,Piechu+7320,1084.2755204261705,36,5.0,13.9%,1234,-5
-,darkcat+794,1083.1296147088942,4,0.0,0.0%,1138,-11
-,RootiredRooter+4390,1081.569903072061,26,0.0,0.0%,1333,-5
-,alevGO+2990,1081.459121632123,17,0.0,0.0%,1194,-5
-,Nate-inator+8253,1079.0445953604785,10,0.0,0.0%,1200,-11
-,Banzai7000+1191,1073.6606273667774,9,0.5,5.6%,1125,-8
-,100pctskillz+6186,1067.45863818054,0,0.0,0.0%,1067,0
-,Doordecat+1475,1067.117021464299,0,0.0,0.0%,1067,0
-,Dizzz+246,1067.0777766275596,0,0.0,0.0%,1067,0
-,Aceosd+1686,1065.0567850490042,1,0.0,0.0%,1067,-5
-,Raybit+2953,1064.82150686144,0,0.0,0.0%,1065,0
-,hanban+3911,1061.8855983502972,0,0.0,0.0%,1062,0
-,Durian+959,1059.2948046902445,17,0.0,0.0%,1200,-1
-,Shrimpster+8461,1055.0731054215473,21,0.0,0.0%,1200,-2
-,blasonmyphemous+8394,1052.6089697997272,15,0.0,0.0%,1200,-3
-,voltigeur+3314,1052.3134100091363,9,0.0,0.0%,1118,-4
-,Wrestler+3756,1047.1501686196848,15,0.0,0.0%,1132,-3
-,Lex25+415,1046.892680409409,0,0.0,0.0%,1047,0
-,cjahwon+6865,1046.8676128585248,87,8.0,9.2%,1112,-1
-,RangerEpic+3948,1044.2632483678717,19,1.0,5.3%,1163,-6
-,Knightochan+8069,1043.9457480968563,17,0.0,0.0%,1200,-4
-,DelSol+6479,1041.8895605440266,26,1.0,3.8%,1184,-3
-,Ljaz7+6925,1035.5760088860877,18,0.0,0.0%,1161,-5
-,BaliHoo+3674,1030.3699386447363,2,0.0,0.0%,1038,-5
-,DawnDiVito+5802,1026.6575350063463,24,2.0,8.3%,1051,-4
-,alex0+3804,1020.2292095035314,23,0.0,0.0%,1200,-2
-,DrCheeseFiend+3515,969.4848634520927,18,0.0,0.0%,1060,-2
-,Munchking+5998,961.1845742480324,26,0.5,1.9%,1047,-4
-,HyenaDon+4502,946.3049965928819,40,0.5,1.2%,1049,-1
